id,title,type,views,lastUpdated,
Shree_hit_bhori_sakhi,Shri hit bhori sakhi,item,5,2025-12-19T12:16:23.977Z,
chacha_shri_vrindavan_das_ji,Chacha shri vrindavan das ji,item,7,2025-12-19T12:13:44.659Z,
hit-harivansh,Shri Hit Harivansh Mahaprabhu,item,25,2025-12-20T10:28:06.458Z,20
naam-jap,Naam Jap,folder,207,2025-12-20T10:10:04.505Z,200
radha-naam-jap,राधा नाम,item,3,2025-12-18T12:27:09.847Z,
biography,Biography,folder,514,2025-12-20T10:26:48.432Z,500
bhori-sakhi,Bhori Sakhi,item,11,2025-12-20T02:28:26.026Z,
rasik-vani,Rasik Vani,folder,2,2025-12-18T04:48:38.447Z,
radha-charan-pradhan,Radha Charan Pradhan ,item,2,2025-12-18T04:48:40.060Z,
shri-hit-chaturasi-ji,श्री हित चौरासी जी पद १,folder,3,2025-12-19T01:40:34.320Z,
shree_hit_chaturasi_pad_1,श्री हित चौरासी जी पद १,item,5,2025-12-19T01:40:36.236Z,
radha_name_poem,राधा नाम पद ,item,3,2025-12-18T12:28:13.406Z,
radhavallabh_shri_harivansh_naam_jap,radhavallabh shri harivansh naam jap,item,5,2025-12-20T10:10:13.266Z,
preetam_tum_to_drgani_basat_hau,"प्रीतम, तुम तो दृगनि बसत हौ",item,4,2025-12-18T14:35:18.647Z,
chacha-shree-vrindavan-das-ji,Chacha Shree Vrindavan Das Ji,folder,5,2025-12-20T10:26:41.033Z,
dekhi_dekhi_rasik_na_hueehai,देखा-देखी रसिक न ह्वैहै,item,2,2025-12-19T01:42:36.474Z,
other,अन्य,folder,2,2025-12-18T12:30:00.150Z,
radha-naam-sankirtan-radha-keli-kunj,राधा नाम (radha keli kunj),item,2,2025-12-18T12:29:39.205Z,
prem-ki-peer-bhori-sakhee,प्रेम की पीर - भोरी सखी,folder,3,2025-12-19T01:43:47.936Z,
bhori_sakhee_pad__1,Bhori Sakhee Pad - 1,item,5,2025-12-20T02:36:09.182Z,
jai_jai_radhavallabh_shri_harivansh_naam_jap,Jai Jai RadhaVallabh shri harivansh naam jap,item,1,2025-12-20T10:18:41.177Z,